# h0_msfeat v1 | window=1440min fixed (SLOPE_B) | delta=0.5*aw | as-of close(j-1) sequence-position | swings=DC-confirmed extremes | reads day_facts date/status/traded/entry_time/dir + features aw ONLY
date,ms_structure,ms_state,n_swings
2012-01-03,UNDEF,UNDEF,1
2012-01-04,MIXED,MIXED,7
2012-01-05,UP,ALIGNED,7
2012-01-06,MIXED,MIXED,13
2012-01-09,UNDEF,UNDEF,2
2012-01-10,DOWN,OPPOSED,6
2012-01-11,MIXED,MIXED,12
2012-01-12,MIXED,MIXED,27
2012-01-13,,,
2012-01-16,,,
2012-01-17,UNDEF,UNDEF,1
2012-01-18,DOWN,OPPOSED,5
2012-01-19,UP,ALIGNED,6
2012-01-20,MIXED,MIXED,26
2012-01-23,UNDEF,UNDEF,3
2012-01-24,,,
2012-01-25,MIXED,MIXED,29
2012-01-26,DOWN,OPPOSED,11
2012-01-27,MIXED,MIXED,17
2012-01-30,,,
2012-01-31,DOWN,OPPOSED,10
2012-02-01,DOWN,OPPOSED,24
2012-02-02,UP,ALIGNED,9
2012-02-03,DOWN,OPPOSED,29
2012-02-06,UNDEF,UNDEF,2
2012-02-07,UP,OPPOSED,24
2012-02-08,MIXED,MIXED,13
2012-02-09,MIXED,MIXED,8
2012-02-10,UP,OPPOSED,23
2012-02-13,MIXED,MIXED,5
2012-02-14,DOWN,ALIGNED,10
2012-02-15,MIXED,MIXED,8
2012-02-16,DOWN,ALIGNED,8
2012-02-17,UP,ALIGNED,8
2012-02-20,,,
2012-02-21,MIXED,MIXED,4
2012-02-22,,,
2012-02-23,UP,ALIGNED,26
2012-02-24,DOWN,OPPOSED,16
2012-02-27,,,
2012-02-28,,,
2012-02-29,UP,ALIGNED,11
2012-03-01,,,
2012-03-02,MIXED,MIXED,19
2012-03-05,UNDEF,UNDEF,3
2012-03-06,UP,OPPOSED,9
2012-03-07,MIXED,MIXED,21
2012-03-08,,,
2012-03-09,DOWN,OPPOSED,9
2012-03-12,,,
2012-03-13,MIXED,MIXED,8
2012-03-14,DOWN,ALIGNED,13
2012-03-15,,,
2012-03-16,UP,OPPOSED,14
2012-03-19,UP,ALIGNED,9
2012-03-20,UNDEF,UNDEF,3
2012-03-21,UP,OPPOSED,12
2012-03-22,MIXED,MIXED,11
2012-03-23,,,
2012-03-26,DOWN,OPPOSED,5
2012-03-27,DOWN,OPPOSED,23
2012-03-28,DOWN,OPPOSED,17
2012-03-29,DOWN,ALIGNED,15
2012-03-30,,,
2012-04-02,MIXED,MIXED,5
2012-04-03,,,
2012-04-04,MIXED,MIXED,15
2012-04-05,,,
2012-04-06,,,
2012-04-09,UNDEF,UNDEF,2
2012-04-10,DOWN,OPPOSED,5
2012-04-11,DOWN,OPPOSED,18
2012-04-12,MIXED,MIXED,22
2012-04-13,DOWN,OPPOSED,10
2012-04-16,UNDEF,UNDEF,1
2012-04-17,MIXED,MIXED,18
2012-04-18,UP,OPPOSED,16
2012-04-19,MIXED,MIXED,11
2012-04-20,UP,OPPOSED,22
2012-04-23,UP,OPPOSED,4
2012-04-24,DOWN,ALIGNED,31
2012-04-25,MIXED,MIXED,31
2012-04-26,UP,ALIGNED,18
2012-04-27,MIXED,MIXED,26
2012-04-30,MIXED,MIXED,7
2012-05-01,DOWN,OPPOSED,24
2012-05-02,DOWN,ALIGNED,8
2012-05-03,UP,OPPOSED,9
2012-05-04,MIXED,MIXED,35
2012-05-07,MIXED,MIXED,7
2012-05-08,MIXED,MIXED,34
2012-05-09,UNDEF,UNDEF,3
2012-05-10,DOWN,ALIGNED,11
2012-05-11,UNDEF,UNDEF,3
2012-05-14,UNDEF,UNDEF,3
2012-05-15,MIXED,MIXED,15
2012-05-16,DOWN,ALIGNED,4
2012-05-17,,,
2012-05-18,UP,ALIGNED,44
2012-05-21,,,
2012-05-22,,,
2012-05-23,DOWN,ALIGNED,5
2012-05-24,DOWN,ALIGNED,21
2012-05-25,,,
2012-05-28,UP,ALIGNED,4
2012-05-29,DOWN,OPPOSED,6
2012-05-30,MIXED,MIXED,11
2012-05-31,UP,ALIGNED,27
2012-06-01,DOWN,ALIGNED,11
2012-06-04,DOWN,OPPOSED,4
2012-06-05,,,
2012-06-06,UNDEF,UNDEF,3
2012-06-07,MIXED,MIXED,20
2012-06-08,,,
2012-06-11,UNDEF,UNDEF,3
2012-06-12,MIXED,MIXED,11
2012-06-13,MIXED,MIXED,91
2012-06-14,UP,ALIGNED,11
2012-06-15,MIXED,MIXED,17
2012-06-18,,,
2012-06-19,UP,ALIGNED,24
2012-06-20,MIXED,MIXED,19
2012-06-21,DOWN,ALIGNED,15
2012-06-22,DOWN,ALIGNED,19
2012-06-25,UNDEF,UNDEF,3
2012-06-26,,,
2012-06-27,MIXED,MIXED,25
2012-06-28,MIXED,MIXED,19
2012-06-29,,,
2012-07-02,UP,ALIGNED,6
2012-07-03,UP,ALIGNED,7
2012-07-04,,,
2012-07-05,UP,ALIGNED,9
2012-07-06,DOWN,ALIGNED,25
2012-07-09,,,
2012-07-10,DOWN,ALIGNED,18
2012-07-11,,,
2012-07-12,DOWN,ALIGNED,10
2012-07-13,,,
2012-07-16,UP,ALIGNED,6
2012-07-17,UP,ALIGNED,10
2012-07-18,MIXED,MIXED,6
2012-07-19,,,
2012-07-20,UP,ALIGNED,23
2012-07-23,UP,OPPOSED,12
2012-07-24,MIXED,MIXED,37
2012-07-25,UP,ALIGNED,12
2012-07-26,DOWN,OPPOSED,24
2012-07-27,MIXED,MIXED,23
2012-07-30,,,
2012-07-31,MIXED,MIXED,8
2012-08-01,MIXED,MIXED,21
2012-08-02,UP,OPPOSED,32
2012-08-03,UP,OPPOSED,44
2012-08-06,UNDEF,UNDEF,1
2012-08-07,MIXED,MIXED,20
2012-08-08,,,
2012-08-09,,,
2012-08-10,,,
2012-08-13,UNDEF,UNDEF,3
2012-08-14,MIXED,MIXED,13
2012-08-15,MIXED,MIXED,21
2012-08-16,UP,OPPOSED,21
2012-08-17,DOWN,OPPOSED,11
2012-08-20,UNDEF,UNDEF,1
2012-08-21,MIXED,MIXED,10
2012-08-22,MIXED,MIXED,18
2012-08-23,DOWN,OPPOSED,5
2012-08-24,UP,ALIGNED,10
2012-08-27,,,
2012-08-28,,,
2012-08-29,,,
2012-08-30,MIXED,MIXED,16
2012-08-31,MIXED,MIXED,17
2012-09-03,DOWN,OPPOSED,6
2012-09-04,DOWN,OPPOSED,7
2012-09-05,,,
2012-09-06,UP,ALIGNED,8
2012-09-07,MIXED,MIXED,4
2012-09-10,,,
2012-09-11,MIXED,MIXED,8
2012-09-12,MIXED,MIXED,8
2012-09-13,UP,OPPOSED,22
2012-09-14,,,
2012-09-17,,,
2012-09-18,,,
2012-09-19,MIXED,MIXED,13
2012-09-20,DOWN,ALIGNED,6
2012-09-21,UNDEF,UNDEF,3
2012-09-24,UNDEF,UNDEF,1
2012-09-25,UP,OPPOSED,25
2012-09-26,UP,OPPOSED,10
2012-09-27,,,
2012-09-28,MIXED,MIXED,14
2012-10-01,UNDEF,UNDEF,2
2012-10-02,MIXED,MIXED,18
2012-10-03,DOWN,OPPOSED,22
2012-10-04,MIXED,MIXED,13
2012-10-05,,,
2012-10-08,,,
2012-10-09,UP,OPPOSED,8
2012-10-10,MIXED,MIXED,15
2012-10-11,,,
2012-10-12,UP,ALIGNED,17
2012-10-15,UNDEF,UNDEF,3
2012-10-16,,,
2012-10-17,DOWN,OPPOSED,5
2012-10-18,,,
2012-10-19,UP,OPPOSED,5
2012-10-22,,,
2012-10-23,MIXED,MIXED,11
2012-10-24,MIXED,MIXED,9
2012-10-25,,,
2012-10-26,,,
2012-10-29,,,
2012-10-30,,,
2012-10-31,,,
2012-11-01,UP,ALIGNED,17
2012-11-02,UNDEF,UNDEF,2
2012-11-05,UNDEF,UNDEF,2
2012-11-06,,,
2012-11-07,UNDEF,UNDEF,3
2012-11-08,MIXED,MIXED,26
2012-11-09,DOWN,OPPOSED,12
2012-11-12,DOWN,OPPOSED,7
2012-11-13,UP,OPPOSED,7
2012-11-14,UP,OPPOSED,16
2012-11-15,DOWN,ALIGNED,21
2012-11-16,DOWN,ALIGNED,13
2012-11-19,,,
2012-11-20,UP,ALIGNED,5
2012-11-21,,,
2012-11-22,,,
2012-11-23,MIXED,MIXED,12
2012-11-26,,,
2012-11-27,,,
2012-11-28,DOWN,ALIGNED,11
2012-11-29,UP,OPPOSED,18
2012-11-30,MIXED,MIXED,10
2012-12-03,MIXED,MIXED,4
2012-12-04,UNDEF,UNDEF,1
2012-12-05,MIXED,MIXED,6
2012-12-06,DOWN,ALIGNED,8
2012-12-07,UP,ALIGNED,19
2012-12-10,UNDEF,UNDEF,1
2012-12-11,UNDEF,UNDEF,3
2012-12-12,UP,ALIGNED,15
2012-12-13,UNDEF,UNDEF,3
2012-12-14,DOWN,ALIGNED,12
2012-12-17,UNDEF,UNDEF,1
2012-12-18,,,
2012-12-19,UP,OPPOSED,13
2012-12-20,MIXED,MIXED,23
2012-12-21,,,
2012-12-24,,,
2012-12-26,,,
2012-12-27,,,
2012-12-28,,,
2012-12-31,,,
2013-01-02,UNDEF,UNDEF,1
2013-01-03,,,
2013-01-04,UNDEF,UNDEF,1
2013-01-07,MIXED,MIXED,6
2013-01-08,,,
2013-01-09,DOWN,OPPOSED,11
2013-01-10,MIXED,MIXED,10
2013-01-11,MIXED,MIXED,15
2013-01-14,,,
2013-01-15,DOWN,OPPOSED,5
2013-01-16,MIXED,MIXED,11
2013-01-17,UP,ALIGNED,12
2013-01-18,MIXED,MIXED,13
2013-01-21,,,
2013-01-22,DOWN,OPPOSED,7
2013-01-23,,,
2013-01-24,DOWN,ALIGNED,5
2013-01-25,MIXED,MIXED,11
2013-01-28,UP,OPPOSED,5
2013-01-29,,,
2013-01-30,MIXED,MIXED,9
2013-01-31,,,
2013-02-01,,,
2013-02-04,,,
2013-02-05,UP,ALIGNED,6
2013-02-06,,,
2013-02-07,MIXED,MIXED,11
2013-02-08,UP,OPPOSED,14
2013-02-11,UP,OPPOSED,7
2013-02-12,DOWN,ALIGNED,13
2013-02-13,UP,OPPOSED,19
2013-02-14,MIXED,MIXED,17
2013-02-15,DOWN,ALIGNED,15
2013-02-18,MIXED,MIXED,4
2013-02-19,DOWN,ALIGNED,7
2013-02-20,MIXED,MIXED,12
2013-02-21,,,
2013-02-22,UP,OPPOSED,5
2013-02-25,UNDEF,UNDEF,2
2013-02-26,MIXED,MIXED,12
2013-02-27,,,
2013-02-28,UP,ALIGNED,21
2013-03-01,MIXED,MIXED,15
2013-03-04,UNDEF,UNDEF,2
2013-03-05,MIXED,MIXED,6
2013-03-06,UP,OPPOSED,11
2013-03-07,,,
2013-03-08,UP,OPPOSED,18
2013-03-11,,,
2013-03-12,UP,ALIGNED,11
2013-03-13,MIXED,MIXED,31
2013-03-14,,,
2013-03-15,MIXED,MIXED,15
2013-03-18,UNDEF,UNDEF,3
2013-03-19,DOWN,OPPOSED,12
2013-03-20,UP,ALIGNED,18
2013-03-21,MIXED,MIXED,18
2013-03-22,,,
2013-03-25,UNDEF,UNDEF,3
2013-03-26,DOWN,ALIGNED,11
2013-03-27,UP,OPPOSED,21
2013-03-28,,,
2013-04-01,,,
2013-04-02,,,
2013-04-03,UNDEF,UNDEF,3
2013-04-04,DOWN,ALIGNED,6
2013-04-05,,,
2013-04-08,,,
2013-04-09,UP,ALIGNED,7
2013-04-10,UP,ALIGNED,12
2013-04-11,,,
2013-04-12,MIXED,MIXED,32
2013-04-15,UNDEF,UNDEF,1
2013-04-16,,,
2013-04-17,,,
2013-04-18,,,
2013-04-19,MIXED,MIXED,11
2013-04-22,UNDEF,UNDEF,1
2013-04-23,,,
2013-04-24,MIXED,MIXED,4
2013-04-25,UNDEF,UNDEF,3
2013-04-26,,,
2013-04-29,UNDEF,UNDEF,2
2013-04-30,MIXED,MIXED,8
2013-05-01,,,
2013-05-02,,,
2013-05-03,MIXED,MIXED,7
2013-05-06,,,
2013-05-07,UNDEF,UNDEF,3
2013-05-08,,,
2013-05-09,,,
2013-05-10,MIXED,MIXED,7
2013-05-13,,,
2013-05-14,UNDEF,UNDEF,2
2013-05-15,DOWN,ALIGNED,11
2013-05-16,MIXED,MIXED,14
2013-05-17,DOWN,ALIGNED,7
2013-05-20,,,
2013-05-21,UP,ALIGNED,9
2013-05-22,UP,ALIGNED,18
2013-05-23,,,
2013-05-24,,,
2013-05-27,UNDEF,UNDEF,1
2013-05-28,,,
2013-05-29,,,
2013-05-30,UP,ALIGNED,7
2013-05-31,,,
2013-06-03,,,
2013-06-04,,,
2013-06-05,MIXED,MIXED,5
2013-06-06,DOWN,ALIGNED,17
2013-06-07,,,
2013-06-10,UNDEF,UNDEF,2
2013-06-11,DOWN,ALIGNED,21
2013-06-12,MIXED,MIXED,35
2013-06-13,,,
2013-06-14,MIXED,MIXED,22
2013-06-17,,,
2013-06-18,UP,OPPOSED,13
2013-06-19,,,
2013-06-20,DOWN,ALIGNED,6
2013-06-21,,,
2013-06-24,UNDEF,UNDEF,1
2013-06-25,DOWN,ALIGNED,5
2013-06-26,UNDEF,UNDEF,1
2013-06-27,,,
2013-06-28,,,
2013-07-01,UP,ALIGNED,5
2013-07-02,UP,ALIGNED,6
2013-07-03,MIXED,MIXED,16
2013-07-04,,,
2013-07-05,DOWN,ALIGNED,8
2013-07-08,,,
2013-07-09,UNDEF,UNDEF,1
2013-07-10,MIXED,MIXED,12
2013-07-11,UP,ALIGNED,5
2013-07-12,,,
2013-07-15,,,
2013-07-16,UP,ALIGNED,6
2013-07-17,DOWN,OPPOSED,11
2013-07-18,,,
2013-07-19,UNDEF,UNDEF,3
2013-07-22,UNDEF,UNDEF,1
2013-07-23,,,
2013-07-24,,,
2013-07-25,MIXED,MIXED,8
2013-07-26,,,
2013-07-29,UNDEF,UNDEF,1
2013-07-30,DOWN,ALIGNED,6
2013-07-31,,,
2013-08-01,DOWN,ALIGNED,9
2013-08-02,UNDEF,UNDEF,2
2013-08-05,UNDEF,UNDEF,2
2013-08-06,UNDEF,UNDEF,1
2013-08-07,,,
2013-08-08,UNDEF,UNDEF,3
2013-08-09,,,
2013-08-12,UNDEF,UNDEF,2
2013-08-13,MIXED,MIXED,6
2013-08-14,,,
2013-08-15,DOWN,OPPOSED,5
2013-08-16,,,
2013-08-19,,,
2013-08-20,,,
2013-08-21,,,
2013-08-22,,,
2013-08-23,DOWN,OPPOSED,7
2013-08-26,,,
2013-08-27,UP,ALIGNED,5
2013-08-28,DOWN,OPPOSED,5
2013-08-29,,,
2013-08-30,MIXED,MIXED,10
2013-09-02,,,
2013-09-03,MIXED,MIXED,11
2013-09-04,,,
2013-09-05,MIXED,MIXED,15
2013-09-06,MIXED,MIXED,12
2013-09-09,,,
2013-09-10,,,
2013-09-11,,,
2013-09-12,UNDEF,UNDEF,3
2013-09-13,DOWN,ALIGNED,7
2013-09-16,DOWN,ALIGNED,5
2013-09-17,MIXED,MIXED,7
2013-09-18,,,
2013-09-19,DOWN,OPPOSED,19
2013-09-20,,,
2013-09-23,,,
2013-09-24,MIXED,MIXED,9
2013-09-25,MIXED,MIXED,21
2013-09-26,DOWN,OPPOSED,14
2013-09-27,,,
2013-09-30,,,
2013-10-01,DOWN,ALIGNED,17
2013-10-02,,,
2013-10-03,UP,ALIGNED,21
2013-10-04,DOWN,OPPOSED,31
2013-10-07,,,
2013-10-08,DOWN,OPPOSED,9
2013-10-09,,,
2013-10-10,UP,OPPOSED,17
2013-10-11,DOWN,ALIGNED,9
2013-10-14,,,
2013-10-15,MIXED,MIXED,7
2013-10-16,,,
2013-10-17,MIXED,MIXED,12
2013-10-18,DOWN,OPPOSED,25
2013-10-21,UNDEF,UNDEF,3
2013-10-22,DOWN,OPPOSED,41
2013-10-23,,,
2013-10-24,MIXED,MIXED,7
2013-10-25,MIXED,MIXED,9
2013-10-28,DOWN,OPPOSED,4
2013-10-29,,,
2013-10-30,,,
2013-10-31,DOWN,ALIGNED,16
2013-11-01,MIXED,MIXED,24
2013-11-04,,,
2013-11-05,MIXED,MIXED,10
2013-11-06,,,
2013-11-07,MIXED,MIXED,14
2013-11-08,DOWN,ALIGNED,21
2013-11-11,UNDEF,UNDEF,3
2013-11-12,MIXED,MIXED,9
2013-11-13,,,
2013-11-14,UP,ALIGNED,11
2013-11-15,,,
2013-11-18,,,
2013-11-19,UP,OPPOSED,11
2013-11-20,UP,OPPOSED,36
2013-11-21,UP,OPPOSED,17
2013-11-22,MIXED,MIXED,22
2013-11-25,UP,OPPOSED,4
2013-11-26,,,
2013-11-27,,,
2013-11-28,,,
2013-11-29,,,
2013-12-02,,,
2013-12-03,MIXED,MIXED,20
2013-12-04,MIXED,MIXED,18
2013-12-05,,,
2013-12-06,MIXED,MIXED,21
2013-12-09,,,
2013-12-10,UP,ALIGNED,7
2013-12-11,,,
2013-12-12,MIXED,MIXED,28
2013-12-13,UP,OPPOSED,25
2013-12-16,DOWN,ALIGNED,4
2013-12-17,MIXED,MIXED,6
2013-12-18,UP,OPPOSED,13
2013-12-19,MIXED,MIXED,16
2013-12-20,,,
2013-12-23,UP,OPPOSED,5
2013-12-24,MIXED,MIXED,31
2013-12-26,UP,ALIGNED,7
2013-12-27,DOWN,OPPOSED,15
2013-12-30,,,
2013-12-31,UP,OPPOSED,14
2014-01-02,,,
2014-01-03,UP,ALIGNED,6
2014-01-06,UNDEF,UNDEF,3
2014-01-07,UP,ALIGNED,10
2014-01-08,UNDEF,UNDEF,3
2014-01-09,DOWN,ALIGNED,19
2014-01-10,UNDEF,UNDEF,3
2014-01-13,,,
2014-01-14,UP,ALIGNED,17
2014-01-15,DOWN,ALIGNED,8
2014-01-16,MIXED,MIXED,13
2014-01-17,,,
2014-01-20,,,
2014-01-21,,,
2014-01-22,UP,OPPOSED,24
2014-01-23,,,
2014-01-24,DOWN,OPPOSED,7
2014-01-27,,,
2014-01-28,DOWN,ALIGNED,10
2014-01-29,,,
2014-01-30,,,
2014-01-31,DOWN,ALIGNED,25
2014-02-03,UNDEF,UNDEF,2
2014-02-04,MIXED,MIXED,22
2014-02-05,UP,ALIGNED,22
2014-02-06,MIXED,MIXED,19
2014-02-07,MIXED,MIXED,5
2014-02-10,UNDEF,UNDEF,2
2014-02-11,UNDEF,UNDEF,1
2014-02-12,UP,ALIGNED,5
2014-02-13,DOWN,OPPOSED,11
2014-02-14,UNDEF,UNDEF,3
2014-02-17,,,
2014-02-18,,,
2014-02-19,,,
2014-02-20,UP,OPPOSED,8
2014-02-21,UP,ALIGNED,8
2014-02-24,UNDEF,UNDEF,2
2014-02-25,MIXED,MIXED,9
2014-02-26,UP,ALIGNED,7
2014-02-27,DOWN,ALIGNED,11
2014-02-28,MIXED,MIXED,8
2014-03-03,UNDEF,UNDEF,1
2014-03-04,,,
2014-03-05,MIXED,MIXED,15
2014-03-06,MIXED,MIXED,17
2014-03-07,,,
2014-03-10,,,
2014-03-11,UP,ALIGNED,4
2014-03-12,UNDEF,UNDEF,3
2014-03-13,,,
2014-03-14,MIXED,MIXED,5
2014-03-17,,,
2014-03-18,DOWN,ALIGNED,6
2014-03-19,MIXED,MIXED,6
2014-03-20,UP,OPPOSED,11
2014-03-21,MIXED,MIXED,11
2014-03-24,UNDEF,UNDEF,1
2014-03-25,UP,OPPOSED,7
2014-03-26,UP,OPPOSED,6
2014-03-27,MIXED,MIXED,16
2014-03-28,MIXED,MIXED,14
2014-03-31,DOWN,ALIGNED,4
2014-04-01,,,
2014-04-02,,,
2014-04-03,MIXED,MIXED,27
2014-04-04,,,
2014-04-07,,,
2014-04-08,MIXED,MIXED,6
2014-04-09,,,
2014-04-10,UP,ALIGNED,6
2014-04-11,MIXED,MIXED,13
2014-04-14,UP,ALIGNED,4
2014-04-15,,,
2014-04-16,DOWN,ALIGNED,9
2014-04-17,DOWN,ALIGNED,8
2014-04-18,,,
2014-04-21,,,
2014-04-22,UP,OPPOSED,10
2014-04-23,UP,OPPOSED,11
2014-04-24,UP,OPPOSED,8
2014-04-25,DOWN,OPPOSED,28
2014-04-28,,,
2014-04-29,,,
2014-04-30,DOWN,ALIGNED,19
2014-05-01,MIXED,MIXED,15
2014-05-02,UP,OPPOSED,19
2014-05-06,,,
2014-05-07,UP,ALIGNED,7
2014-05-08,UP,OPPOSED,11
2014-05-09,MIXED,MIXED,21
2014-05-12,,,
2014-05-13,,,
2014-05-14,,,
2014-05-15,,,
2014-05-16,MIXED,MIXED,18
2014-05-19,,,
2014-05-20,MIXED,MIXED,9
2014-05-21,DOWN,ALIGNED,18
2014-05-22,,,
2014-05-23,,,
2014-05-26,,,
2014-05-27,,,
2014-05-28,DOWN,ALIGNED,14
2014-05-29,MIXED,MIXED,14
2014-05-30,UP,OPPOSED,8
2014-06-02,UNDEF,UNDEF,1
2014-06-03,MIXED,MIXED,9
2014-06-04,UP,OPPOSED,12
2014-06-05,UP,OPPOSED,14
2014-06-06,UP,ALIGNED,25
2014-06-09,MIXED,MIXED,5
2014-06-10,UNDEF,UNDEF,3
2014-06-11,UNDEF,UNDEF,3
2014-06-12,UP,ALIGNED,21
2014-06-13,MIXED,MIXED,13
2014-06-16,UNDEF,UNDEF,1
2014-06-17,UNDEF,UNDEF,1
2014-06-18,MIXED,MIXED,5
2014-06-19,UP,ALIGNED,9
2014-06-20,,,
2014-06-23,UNDEF,UNDEF,2
2014-06-24,MIXED,MIXED,12
2014-06-25,UNDEF,UNDEF,2
2014-06-26,,,
2014-06-27,,,
2014-06-30,,,
2014-07-01,,,
2014-07-02,UP,ALIGNED,21
2014-07-03,,,
2014-07-04,,,
2014-07-07,UNDEF,UNDEF,1
2014-07-08,UP,OPPOSED,8
2014-07-09,UNDEF,UNDEF,3
2014-07-10,MIXED,MIXED,8
2014-07-11,MIXED,MIXED,16
2014-07-14,,,
2014-07-15,DOWN,ALIGNED,21
2014-07-16,,,
2014-07-17,,,
2014-07-18,,,
2014-07-21,UNDEF,UNDEF,3
2014-07-22,MIXED,MIXED,10
2014-07-23,MIXED,MIXED,24
2014-07-24,UNDEF,UNDEF,2
2014-07-25,,,
2014-07-28,UNDEF,UNDEF,3
2014-07-29,UP,ALIGNED,14
2014-07-30,MIXED,MIXED,30
2014-07-31,MIXED,MIXED,15
2014-08-01,DOWN,ALIGNED,33
2014-08-04,DOWN,OPPOSED,4
2014-08-05,DOWN,ALIGNED,19
2014-08-06,,,
2014-08-07,DOWN,OPPOSED,25
2014-08-08,UP,ALIGNED,6
2014-08-11,,,
2014-08-12,,,
2014-08-13,MIXED,MIXED,39
2014-08-14,UP,ALIGNED,15
2014-08-15,DOWN,OPPOSED,36
2014-08-18,UNDEF,UNDEF,3
2014-08-19,DOWN,ALIGNED,15
2014-08-20,MIXED,MIXED,16
2014-08-21,UNDEF,UNDEF,3
2014-08-22,DOWN,ALIGNED,11
2014-08-25,UNDEF,UNDEF,3
2014-08-26,MIXED,MIXED,4
2014-08-27,DOWN,OPPOSED,7
2014-08-28,DOWN,OPPOSED,5
2014-08-29,UP,ALIGNED,17
2014-09-01,,,
2014-09-02,UNDEF,UNDEF,1
2014-09-03,UP,OPPOSED,18
2014-09-04,MIXED,MIXED,7
2014-09-05,,,
2014-09-08,,,
2014-09-09,MIXED,MIXED,9
2014-09-10,MIXED,MIXED,12
2014-09-11,MIXED,MIXED,17
2014-09-12,DOWN,ALIGNED,5
2014-09-15,,,
2014-09-16,,,
2014-09-17,,,
2014-09-18,,,
2014-09-19,MIXED,MIXED,5
2014-09-22,,,
2014-09-23,,,
2014-09-24,MIXED,MIXED,24
2014-09-25,DOWN,ALIGNED,12
2014-09-26,,,
2014-09-29,,,
2014-09-30,MIXED,MIXED,11
2014-10-01,,,
2014-10-02,,,
2014-10-03,,,
2014-10-06,,,
2014-10-07,UP,ALIGNED,17
2014-10-08,UP,ALIGNED,9
2014-10-09,MIXED,MIXED,7
2014-10-10,DOWN,OPPOSED,10
2014-10-13,UNDEF,UNDEF,1
2014-10-14,DOWN,OPPOSED,11
2014-10-15,,,
2014-10-16,,,
2014-10-17,MIXED,MIXED,34
2014-10-20,,,
2014-10-21,DOWN,OPPOSED,6
2014-10-22,,,
2014-10-23,DOWN,ALIGNED,20
2014-10-24,,,
2014-10-27,,,
2014-10-28,,,
2014-10-29,UP,OPPOSED,16
2014-10-30,MIXED,MIXED,7
2014-10-31,UNDEF,UNDEF,1
2014-11-03,,,
2014-11-04,,,
2014-11-05,UNDEF,UNDEF,1
2014-11-06,,,
2014-11-07,,,
2014-11-10,,,
2014-11-11,,,
2014-11-12,UP,ALIGNED,10
2014-11-13,,,
2014-11-14,DOWN,ALIGNED,9
2014-11-17,,,
2014-11-18,MIXED,MIXED,14
2014-11-19,DOWN,OPPOSED,13
2014-11-20,,,
2014-11-21,UP,ALIGNED,25
2014-11-24,,,
2014-11-25,MIXED,MIXED,13
2014-11-26,,,
2014-11-27,,,
2014-11-28,UNDEF,UNDEF,3
2014-12-01,,,
2014-12-02,,,
2014-12-03,MIXED,MIXED,10
2014-12-04,DOWN,OPPOSED,22
2014-12-05,MIXED,MIXED,22
2014-12-08,,,
2014-12-09,MIXED,MIXED,17
2014-12-10,DOWN,OPPOSED,13
2014-12-11,,,
2014-12-12,,,
2014-12-15,UNDEF,UNDEF,3
2014-12-16,DOWN,ALIGNED,22
2014-12-17,UP,OPPOSED,29
2014-12-18,,,
2014-12-19,MIXED,MIXED,20
2014-12-22,MIXED,MIXED,4
2014-12-23,,,
2014-12-24,MIXED,MIXED,9
2014-12-26,,,
2014-12-29,,,
2014-12-30,,,
2014-12-31,,,
2015-01-02,UP,OPPOSED,8
2015-01-05,UNDEF,UNDEF,3
2015-01-06,UP,ALIGNED,8
2015-01-07,,,
2015-01-08,DOWN,OPPOSED,5
2015-01-09,MIXED,MIXED,7
2015-01-12,,,
2015-01-13,UP,ALIGNED,4
2015-01-14,DOWN,OPPOSED,8
2015-01-15,UP,ALIGNED,19
2015-01-16,DOWN,OPPOSED,14
2015-01-19,,,
2015-01-20,UP,ALIGNED,11
2015-01-21,UP,ALIGNED,5
2015-01-22,UP,ALIGNED,27
2015-01-23,,,
2015-01-26,,,
2015-01-27,,,
2015-01-28,,,
2015-01-29,DOWN,ALIGNED,10
2015-01-30,,,
2015-02-02,,,
2015-02-03,MIXED,MIXED,16
2015-02-04,,,
2015-02-05,,,
2015-02-06,MIXED,MIXED,9
2015-02-09,,,
2015-02-10,MIXED,MIXED,7
2015-02-11,MIXED,MIXED,6
2015-02-13,,,
2015-02-16,,,
2015-02-17,UNDEF,UNDEF,3
2015-02-18,MIXED,MIXED,19
2015-02-19,UP,OPPOSED,11
2015-02-20,MIXED,MIXED,24
2015-02-23,UP,OPPOSED,4
2015-02-24,MIXED,MIXED,23
2015-02-25,UP,ALIGNED,5
2015-02-26,DOWN,OPPOSED,4
2015-02-27,UP,ALIGNED,26
2015-03-02,UNDEF,UNDEF,1
2015-03-03,,,
2015-03-04,MIXED,MIXED,8
2015-03-05,UP,OPPOSED,9
2015-03-06,MIXED,MIXED,15
2015-03-09,MIXED,MIXED,6
2015-03-10,UNDEF,UNDEF,1
2015-03-11,MIXED,MIXED,18
2015-03-12,UP,OPPOSED,4
2015-03-13,MIXED,MIXED,5
2015-03-16,,,
2015-03-17,UP,OPPOSED,9
2015-03-18,UP,OPPOSED,13
2015-03-19,,,
2015-03-20,MIXED,MIXED,16
2015-03-23,DOWN,OPPOSED,4
2015-03-24,UP,ALIGNED,9
2015-03-25,DOWN,OPPOSED,9
2015-03-26,DOWN,OPPOSED,7
2015-03-27,,,
2015-03-30,UNDEF,UNDEF,1
2015-03-31,MIXED,MIXED,5
2015-04-01,MIXED,MIXED,4
2015-04-02,MIXED,MIXED,24
2015-04-03,,,
2015-04-06,UNDEF,UNDEF,3
2015-04-07,,,
2015-04-08,DOWN,ALIGNED,12
2015-04-09,DOWN,ALIGNED,7
2015-04-10,,,
2015-04-13,,,
2015-04-14,MIXED,MIXED,14
2015-04-15,DOWN,ALIGNED,15
2015-04-16,UP,ALIGNED,6
2015-04-17,DOWN,OPPOSED,13
2015-04-20,UNDEF,UNDEF,3
2015-04-21,,,
2015-04-22,DOWN,OPPOSED,9
2015-04-23,,,
2015-04-24,UP,OPPOSED,16
2015-04-27,,,
2015-04-28,MIXED,MIXED,17
2015-04-29,MIXED,MIXED,18
2015-04-30,DOWN,OPPOSED,14
2015-05-01,UP,OPPOSED,36
2015-05-04,,,
2015-05-05,DOWN,OPPOSED,16
2015-05-06,DOWN,OPPOSED,11
2015-05-07,DOWN,ALIGNED,5
2015-05-08,,,
2015-05-11,MIXED,MIXED,9
2015-05-12,UP,OPPOSED,36
2015-05-13,UP,ALIGNED,19
2015-05-14,DOWN,OPPOSED,19
2015-05-15,UP,ALIGNED,18
2015-05-18,UNDEF,UNDEF,2
2015-05-19,,,
2015-05-20,UP,OPPOSED,33
2015-05-21,MIXED,MIXED,10
2015-05-22,DOWN,ALIGNED,13
2015-05-25,,,
2015-05-26,MIXED,MIXED,6
2015-05-27,UP,OPPOSED,20
2015-05-28,UP,OPPOSED,21
2015-05-29,MIXED,MIXED,20
2015-06-01,,,
2015-06-02,,,
2015-06-03,,,
2015-06-04,MIXED,MIXED,9
2015-06-05,UP,OPPOSED,31
2015-06-08,,,
2015-06-09,UP,ALIGNED,4
2015-06-10,UNDEF,UNDEF,3
2015-06-11,,,
2015-06-12,MIXED,MIXED,17
2015-06-15,DOWN,ALIGNED,5
2015-06-16,DOWN,OPPOSED,14
2015-06-17,MIXED,MIXED,13
2015-06-18,UP,ALIGNED,5
2015-06-19,MIXED,MIXED,19
2015-06-22,,,
2015-06-23,UP,OPPOSED,17
2015-06-24,MIXED,MIXED,15
2015-06-25,UP,OPPOSED,10
2015-06-26,MIXED,MIXED,19
2015-06-29,,,
2015-06-30,MIXED,MIXED,12
2015-07-01,DOWN,ALIGNED,29
2015-07-02,DOWN,ALIGNED,30
2015-07-03,,,
2015-07-06,,,
2015-07-07,,,
2015-07-08,DOWN,ALIGNED,19
2015-07-09,,,
2015-07-10,MIXED,MIXED,8
2015-07-13,,,
2015-07-14,MIXED,MIXED,13
2015-07-15,DOWN,ALIGNED,30
2015-07-16,MIXED,MIXED,14
2015-07-17,UP,OPPOSED,25
2015-07-20,,,
2015-07-21,,,
2015-07-22,MIXED,MIXED,4
2015-07-23,DOWN,ALIGNED,8
2015-07-24,,,
2015-07-27,MIXED,MIXED,4
2015-07-28,MIXED,MIXED,21
2015-07-29,MIXED,MIXED,11
2015-07-30,UP,OPPOSED,11
2015-07-31,MIXED,MIXED,9
2015-08-03,UNDEF,UNDEF,2
2015-08-04,,,
2015-08-05,UP,OPPOSED,11
2015-08-06,,,
2015-08-07,DOWN,OPPOSED,12
2015-08-10,UNDEF,UNDEF,2
2015-08-11,MIXED,MIXED,5
2015-08-12,DOWN,OPPOSED,9
2015-08-13,,,
2015-08-14,,,
2015-08-17,UNDEF,UNDEF,2
2015-08-18,UP,ALIGNED,16
2015-08-19,,,
2015-08-20,UP,ALIGNED,7
2015-08-21,,,
2015-08-24,UP,ALIGNED,8
2015-08-25,,,
2015-08-26,DOWN,ALIGNED,5
2015-08-27,UP,OPPOSED,11
2015-08-28,UP,OPPOSED,7
2015-08-31,,,
2015-09-01,UNDEF,UNDEF,2
2015-09-02,MIXED,MIXED,10
2015-09-03,UP,OPPOSED,21
2015-09-04,MIXED,MIXED,19
2015-09-07,UNDEF,UNDEF,3
2015-09-08,,,
2015-09-09,,,
2015-09-10,,,
2015-09-11,MIXED,MIXED,28
2015-09-14,UNDEF,UNDEF,3
2015-09-15,DOWN,ALIGNED,16
2015-09-16,,,
2015-09-17,,,
2015-09-18,MIXED,MIXED,18
2015-09-21,,,
2015-09-22,UP,ALIGNED,18
2015-09-23,,,
2015-09-24,DOWN,OPPOSED,6
2015-09-25,,,
2015-09-28,,,
2015-09-29,MIXED,MIXED,28
2015-09-30,MIXED,MIXED,6
2015-10-01,UP,OPPOSED,48
2015-10-02,DOWN,ALIGNED,17
2015-10-05,,,
2015-10-06,UP,ALIGNED,9
2015-10-07,,,
2015-10-09,,,
2015-10-12,UNDEF,UNDEF,1
2015-10-13,,,
2015-10-15,,,
2015-10-16,MIXED,MIXED,10
2015-10-19,,,
2015-10-20,,,
2015-10-21,,,
2015-10-22,MIXED,MIXED,15
2015-10-23,,,
2015-10-26,,,
2015-10-27,UP,OPPOSED,9
2015-10-28,MIXED,MIXED,4
2015-10-29,DOWN,ALIGNED,10
2015-10-30,UP,OPPOSED,17
2015-11-02,UNDEF,UNDEF,3
2015-11-03,MIXED,MIXED,5
2015-11-04,UNDEF,UNDEF,3
2015-11-05,DOWN,ALIGNED,13
2015-11-06,MIXED,MIXED,5
2015-11-09,UP,OPPOSED,6
2015-11-10,MIXED,MIXED,22
2015-11-11,UP,OPPOSED,5
2015-11-12,MIXED,MIXED,5
2015-11-13,MIXED,MIXED,11
2015-11-16,UNDEF,UNDEF,1
2015-11-17,UNDEF,UNDEF,3
2015-11-18,,,
2015-11-19,UP,OPPOSED,4
2015-11-20,MIXED,MIXED,6
2015-11-23,UNDEF,UNDEF,1
2015-11-24,,,
2015-11-25,,,
2015-11-26,,,
2015-11-27,UNDEF,UNDEF,1
2015-11-30,,,
2015-12-01,,,
2015-12-02,,,
2015-12-03,,,
2015-12-04,UP,ALIGNED,16
2015-12-07,,,
2015-12-08,,,
2015-12-09,MIXED,MIXED,16
2015-12-10,MIXED,MIXED,11
2015-12-11,DOWN,ALIGNED,6
2015-12-14,,,
2015-12-15,,,
2015-12-16,,,
2015-12-17,,,
2015-12-18,,,
2015-12-21,UNDEF,UNDEF,1
2015-12-22,DOWN,OPPOSED,9
2015-12-23,MIXED,MIXED,16
2015-12-24,,,
2015-12-28,,,
2015-12-29,,,
2015-12-30,MIXED,MIXED,11
2015-12-31,UP,OPPOSED,8
2016-01-04,,,
2016-01-05,MIXED,MIXED,7
2016-01-06,MIXED,MIXED,12
2016-01-07,UNDEF,UNDEF,3
2016-01-08,,,
2016-01-11,,,
2016-01-12,UP,OPPOSED,12
2016-01-13,MIXED,MIXED,12
2016-01-14,,,
2016-01-15,,,
2016-01-18,,,
2016-01-19,DOWN,OPPOSED,4
2016-01-20,UP,ALIGNED,7
2016-01-21,UP,ALIGNED,9
2016-01-22,MIXED,MIXED,15
2016-01-25,,,
2016-01-26,UP,ALIGNED,5
2016-01-27,,,
2016-01-28,,,
2016-01-29,,,
2016-02-01,UNDEF,UNDEF,1
2016-02-02,,,
2016-02-03,DOWN,OPPOSED,12
2016-02-04,UP,ALIGNED,31
2016-02-05,MIXED,MIXED,19
2016-02-08,UNDEF,UNDEF,2
2016-02-09,MIXED,MIXED,22
2016-02-10,MIXED,MIXED,13
2016-02-11,UNDEF,UNDEF,3
2016-02-12,,,
2016-02-15,,,
2016-02-16,,,
2016-02-17,,,
2016-02-18,DOWN,ALIGNED,18
2016-02-19,DOWN,OPPOSED,9
2016-02-22,,,
2016-02-23,,,
2016-02-24,DOWN,OPPOSED,10
2016-02-25,UNDEF,UNDEF,3
2016-02-26,,,
2016-02-29,,,
2016-03-01,,,
2016-03-02,,,
2016-03-03,MIXED,MIXED,16
2016-03-04,DOWN,OPPOSED,11
2016-03-07,UNDEF,UNDEF,3
2016-03-08,UP,ALIGNED,9
2016-03-09,UNDEF,UNDEF,3
2016-03-10,DOWN,ALIGNED,10
2016-03-11,,,
2016-03-14,MIXED,MIXED,8
2016-03-15,,,
2016-03-16,MIXED,MIXED,16
2016-03-17,UP,ALIGNED,8
2016-03-18,,,
2016-03-21,UNDEF,UNDEF,1
2016-03-22,,,
2016-03-23,UNDEF,UNDEF,1
2016-03-24,DOWN,ALIGNED,6
2016-03-28,,,
2016-03-29,MIXED,MIXED,7
2016-03-30,DOWN,OPPOSED,9
2016-03-31,UP,ALIGNED,15
2016-04-01,MIXED,MIXED,15
2016-04-04,UNDEF,UNDEF,3
2016-04-05,UNDEF,UNDEF,2
2016-04-06,,,
2016-04-07,,,
2016-04-08,UP,ALIGNED,14
2016-04-11,UNDEF,UNDEF,1
2016-04-12,MIXED,MIXED,10
2016-04-13,,,
2016-04-14,UNDEF,UNDEF,3
2016-04-15,,,
2016-04-18,MIXED,MIXED,5
2016-04-19,,,
2016-04-20,,,
2016-04-21,UNDEF,UNDEF,3
2016-04-22,MIXED,MIXED,5
2016-04-25,,,
2016-04-26,MIXED,MIXED,5
2016-04-27,UP,ALIGNED,11
2016-04-28,DOWN,OPPOSED,7
2016-04-29,UNDEF,UNDEF,3
2016-05-02,DOWN,OPPOSED,8
2016-05-03,UP,ALIGNED,11
2016-05-04,DOWN,ALIGNED,7
2016-05-05,UP,OPPOSED,15
2016-05-06,,,
2016-05-09,,,
2016-05-10,MIXED,MIXED,7
2016-05-11,,,
2016-05-12,MIXED,MIXED,4
2016-05-13,,,
2016-05-16,UNDEF,UNDEF,1
2016-05-17,,,
2016-05-18,,,
2016-05-19,MIXED,MIXED,13
2016-05-20,UP,OPPOSED,9
2016-05-23,UNDEF,UNDEF,2
2016-05-24,UNDEF,UNDEF,3
2016-05-25,DOWN,ALIGNED,5
2016-05-26,MIXED,MIXED,4
2016-05-27,UNDEF,UNDEF,3
2016-05-30,,,
2016-05-31,,,
2016-06-01,MIXED,MIXED,8
2016-06-02,,,
2016-06-03,,,
2016-06-06,,,
2016-06-07,,,
2016-06-08,UNDEF,UNDEF,2
2016-06-09,DOWN,OPPOSED,8
2016-06-10,DOWN,OPPOSED,14
2016-06-13,UNDEF,UNDEF,3
2016-06-14,DOWN,OPPOSED,17
2016-06-15,DOWN,OPPOSED,19
2016-06-16,UP,ALIGNED,4
2016-06-17,,,
2016-06-20,DOWN,ALIGNED,4
2016-06-21,UP,OPPOSED,6
2016-06-22,MIXED,MIXED,17
2016-06-23,UP,OPPOSED,12
2016-06-24,,,
2016-06-27,,,
2016-06-28,,,
2016-06-29,MIXED,MIXED,4
2016-06-30,DOWN,OPPOSED,22
2016-07-01,MIXED,MIXED,5
2016-07-04,,,
2016-07-05,UNDEF,UNDEF,2
2016-07-06,UNDEF,UNDEF,3
2016-07-07,,,
2016-07-08,DOWN,ALIGNED,9
2016-07-11,,,
2016-07-12,MIXED,MIXED,15
2016-07-13,,,
2016-07-14,UP,OPPOSED,6
2016-07-15,MIXED,MIXED,4
2016-07-18,,,
2016-07-19,,,
2016-07-20,,,
2016-07-21,,,
2016-07-22,,,
2016-07-25,UNDEF,UNDEF,3
2016-07-26,,,
2016-07-27,,,
2016-07-28,DOWN,OPPOSED,11
2016-07-29,DOWN,OPPOSED,4
2016-08-01,DOWN,OPPOSED,8
2016-08-02,UP,ALIGNED,4
2016-08-03,,,
2016-08-04,,,
2016-08-05,MIXED,MIXED,21
2016-08-08,UNDEF,UNDEF,2
2016-08-09,DOWN,ALIGNED,9
2016-08-10,UNDEF,UNDEF,1
2016-08-11,MIXED,MIXED,8
2016-08-12,,,
2016-08-15,MIXED,MIXED,6
2016-08-16,UP,ALIGNED,4
2016-08-17,,,
2016-08-18,,,
2016-08-19,,,
2016-08-22,,,
2016-08-23,,,
2016-08-24,UP,OPPOSED,10
2016-08-25,MIXED,MIXED,16
2016-08-26,MIXED,MIXED,8
2016-08-29,,,
2016-08-30,MIXED,MIXED,18
2016-08-31,UNDEF,UNDEF,3
2016-09-01,UP,OPPOSED,5
2016-09-02,,,
2016-09-05,DOWN,OPPOSED,4
2016-09-06,MIXED,MIXED,7
2016-09-07,,,
2016-09-08,DOWN,OPPOSED,6
2016-09-09,UP,OPPOSED,18
2016-09-12,MIXED,MIXED,5
2016-09-13,MIXED,MIXED,14
2016-09-14,,,
2016-09-15,MIXED,MIXED,12
2016-09-16,MIXED,MIXED,12
2016-09-19,,,
2016-09-20,,,
2016-09-21,UNDEF,UNDEF,2
2016-09-22,UP,ALIGNED,22
2016-09-23,DOWN,OPPOSED,7
2016-09-26,UNDEF,UNDEF,2
2016-09-27,,,
2016-09-28,MIXED,MIXED,22
2016-09-29,MIXED,MIXED,10
2016-09-30,UP,OPPOSED,9
2016-10-03,DOWN,ALIGNED,4
2016-10-04,DOWN,ALIGNED,6
2016-10-05,DOWN,ALIGNED,11
2016-10-06,MIXED,MIXED,15
2016-10-07,UP,OPPOSED,11
2016-10-10,,,
2016-10-11,MIXED,MIXED,11
2016-10-12,MIXED,MIXED,7
2016-10-13,,,
2016-10-14,UP,OPPOSED,15
2016-10-17,,,
2016-10-18,UP,ALIGNED,4
2016-10-19,DOWN,OPPOSED,9
2016-10-20,MIXED,MIXED,8
2016-10-21,,,
2016-10-24,,,
2016-10-25,,,
2016-10-26,,,
2016-10-27,,,
2016-10-28,,,
2016-10-31,,,
2016-11-01,UP,ALIGNED,6
2016-11-02,UP,ALIGNED,7
2016-11-03,,,
2016-11-04,MIXED,MIXED,5
2016-11-07,UNDEF,UNDEF,3
2016-11-08,UP,OPPOSED,17
2016-11-09,,,
2016-11-10,MIXED,MIXED,5
2016-11-11,MIXED,MIXED,10
2016-11-14,UP,OPPOSED,5
2016-11-15,DOWN,ALIGNED,9
2016-11-16,MIXED,MIXED,13
2016-11-17,UP,OPPOSED,14
2016-11-18,UNDEF,UNDEF,3
2016-11-21,,,
2016-11-22,,,
2016-11-23,MIXED,MIXED,21
2016-11-24,MIXED,MIXED,11
2016-11-25,,,
2016-11-28,,,
2016-11-29,,,
2016-11-30,UP,OPPOSED,7
2016-12-01,,,
2016-12-02,MIXED,MIXED,12
2016-12-05,,,
2016-12-06,,,
2016-12-07,,,
2016-12-08,,,
2016-12-09,DOWN,ALIGNED,7
2016-12-12,UNDEF,UNDEF,3
2016-12-13,MIXED,MIXED,15
2016-12-14,,,
2016-12-15,DOWN,ALIGNED,8
2016-12-16,,,
2016-12-19,DOWN,OPPOSED,5
2016-12-20,,,
2016-12-21,,,
2016-12-22,DOWN,ALIGNED,6
2016-12-23,,,
2016-12-27,UNDEF,UNDEF,1
2016-12-28,UNDEF,UNDEF,3
2016-12-29,UNDEF,UNDEF,2
2016-12-30,,,
2017-01-03,,,
2017-01-04,DOWN,OPPOSED,12
2017-01-05,UNDEF,UNDEF,1
2017-01-06,,,
2017-01-09,UNDEF,UNDEF,3
2017-01-10,UP,ALIGNED,5
2017-01-11,UP,ALIGNED,20
2017-01-12,,,
2017-01-17,,,
2017-01-19,MIXED,MIXED,4
2017-01-20,UP,ALIGNED,10
2017-01-23,,,
2017-01-24,,,
2017-01-25,UNDEF,UNDEF,3
2017-01-26,UP,OPPOSED,12
2017-01-27,MIXED,MIXED,7
2017-01-30,UNDEF,UNDEF,2
2017-01-31,UP,ALIGNED,5
2017-02-01,,,
2017-02-02,UP,ALIGNED,6
2017-02-03,UP,ALIGNED,14
2017-02-06,UP,ALIGNED,4
2017-02-07,MIXED,MIXED,13
2017-02-08,MIXED,MIXED,8
2017-02-09,UP,ALIGNED,13
2017-02-10,MIXED,MIXED,8
2017-02-13,,,
2017-02-14,MIXED,MIXED,7
2017-02-15,MIXED,MIXED,10
2017-02-16,UP,ALIGNED,6
2017-02-17,MIXED,MIXED,35
2017-02-20,,,
2017-02-21,UNDEF,UNDEF,2
2017-02-22,MIXED,MIXED,7
2017-02-23,DOWN,OPPOSED,23
2017-02-24,MIXED,MIXED,17
2017-02-27,MIXED,MIXED,7
2017-02-28,MIXED,MIXED,14
2017-03-01,DOWN,ALIGNED,8
2017-03-02,MIXED,MIXED,11
2017-03-03,DOWN,ALIGNED,7
2017-03-06,UNDEF,UNDEF,2
2017-03-07,DOWN,ALIGNED,11
2017-03-08,DOWN,ALIGNED,9
2017-03-09,DOWN,ALIGNED,8
2017-03-10,DOWN,ALIGNED,7
2017-03-13,,,
2017-03-14,,,
2017-03-15,MIXED,MIXED,6
2017-03-16,UP,ALIGNED,4
2017-03-17,DOWN,OPPOSED,21
2017-03-20,UNDEF,UNDEF,1
2017-03-21,UNDEF,UNDEF,2
2017-03-22,DOWN,OPPOSED,24
2017-03-23,MIXED,MIXED,9
2017-03-24,,,
2017-03-27,UNDEF,UNDEF,1
2017-03-28,MIXED,MIXED,15
2017-03-29,,,
2017-03-30,DOWN,ALIGNED,5
2017-03-31,,,
2017-04-03,,,
2017-04-04,UNDEF,UNDEF,3
2017-04-05,DOWN,OPPOSED,17
2017-04-06,MIXED,MIXED,7
2017-04-07,UNDEF,UNDEF,1
2017-04-10,MIXED,MIXED,7
2017-04-11,,,
2017-04-12,,,
2017-04-13,MIXED,MIXED,19
2017-04-17,,,
2017-04-18,MIXED,MIXED,10
2017-04-19,,,
2017-04-20,UP,OPPOSED,19
2017-04-21,UP,OPPOSED,17
2017-04-24,,,
2017-04-25,UP,OPPOSED,7
2017-04-26,,,
2017-04-27,UP,OPPOSED,12
2017-04-28,,,
2017-05-01,,,
2017-05-02,UP,OPPOSED,17
2017-05-03,MIXED,MIXED,39
2017-05-04,MIXED,MIXED,11
2017-05-05,,,
2017-05-08,,,
2017-05-09,UP,OPPOSED,14
2017-05-10,DOWN,ALIGNED,13
2017-05-11,,,
2017-05-12,UP,ALIGNED,18
2017-05-15,UNDEF,UNDEF,2
2017-05-16,UP,ALIGNED,4
2017-05-17,UNDEF,UNDEF,1
2017-05-18,DOWN,OPPOSED,11
2017-05-19,UP,ALIGNED,12
2017-05-22,UNDEF,UNDEF,2
2017-05-23,,,
2017-05-24,UP,OPPOSED,15
2017-05-25,,,
2017-05-26,DOWN,OPPOSED,4
2017-05-29,,,
2017-05-30,,,
2017-05-31,,,
2017-06-01,,,
2017-06-02,,,
2017-06-05,MIXED,MIXED,6
2017-06-06,UNDEF,UNDEF,3
2017-06-07,,,
2017-06-08,MIXED,MIXED,15
2017-06-09,UNDEF,UNDEF,3
2017-06-12,UNDEF,UNDEF,2
2017-06-13,DOWN,ALIGNED,7
2017-06-14,MIXED,MIXED,10
2017-06-15,DOWN,ALIGNED,4
2017-06-16,UP,OPPOSED,17
2017-06-19,UNDEF,UNDEF,1
2017-06-20,UP,OPPOSED,7
2017-06-21,UP,OPPOSED,5
2017-06-22,,,
2017-06-23,UP,ALIGNED,11
2017-06-26,,,
2017-06-27,,,
2017-06-28,MIXED,MIXED,4
2017-06-29,,,
2017-06-30,UP,OPPOSED,13
2017-07-03,UNDEF,UNDEF,1
2017-07-04,,,
2017-07-05,UNDEF,UNDEF,3
2017-07-06,DOWN,ALIGNED,13
2017-07-07,MIXED,MIXED,5
2017-07-10,DOWN,ALIGNED,5
2017-07-11,UP,OPPOSED,7
2017-07-12,UP,ALIGNED,8
2017-07-13,DOWN,OPPOSED,6
2017-07-14,,,
2017-07-17,UNDEF,UNDEF,3
2017-07-18,UNDEF,UNDEF,3
2017-07-19,UP,ALIGNED,14
2017-07-20,MIXED,MIXED,4
2017-07-21,MIXED,MIXED,17
2017-07-24,MIXED,MIXED,4
2017-07-25,DOWN,OPPOSED,12
2017-07-26,DOWN,ALIGNED,9
2017-07-27,UP,ALIGNED,5
2017-07-28,MIXED,MIXED,13
2017-07-31,,,
2017-08-01,DOWN,OPPOSED,9
2017-08-02,,,
2017-08-03,,,
2017-08-04,,,
2017-08-07,UNDEF,UNDEF,3
2017-08-08,UNDEF,UNDEF,3
2017-08-09,MIXED,MIXED,5
2017-08-10,DOWN,OPPOSED,15
2017-08-11,UP,ALIGNED,6
2017-08-14,,,
2017-08-15,UNDEF,UNDEF,2
2017-08-16,UP,OPPOSED,18
2017-08-17,UNDEF,UNDEF,2
2017-08-18,UP,ALIGNED,16
2017-08-21,UNDEF,UNDEF,1
2017-08-22,,,
2017-08-23,,,
2017-08-24,,,
2017-08-25,,,
2017-08-28,UNDEF,UNDEF,3
2017-08-29,UNDEF,UNDEF,3
2017-08-30,,,
2017-08-31,,,
2017-09-01,UP,ALIGNED,14
2017-09-04,UNDEF,UNDEF,2
2017-09-05,,,
2017-09-06,,,
2017-09-07,UP,ALIGNED,18
2017-09-08,UP,ALIGNED,5
2017-09-11,MIXED,MIXED,6
2017-09-12,DOWN,ALIGNED,5
2017-09-13,UP,OPPOSED,8
2017-09-14,MIXED,MIXED,10
2017-09-15,,,
2017-09-18,UNDEF,UNDEF,3
2017-09-19,MIXED,MIXED,14
2017-09-20,,,
2017-09-21,DOWN,ALIGNED,14
2017-09-22,,,
2017-09-25,,,
2017-09-26,,,
2017-09-27,DOWN,ALIGNED,9
2017-09-28,DOWN,ALIGNED,13
2017-09-29,UP,OPPOSED,10
2017-10-02,UNDEF,UNDEF,1
2017-10-03,,,
2017-10-04,,,
2017-10-05,,,
2017-10-06,UP,OPPOSED,21
2017-10-09,,,
2017-10-10,UNDEF,UNDEF,3
2017-10-11,,,
2017-10-12,UP,ALIGNED,9
2017-10-13,UP,ALIGNED,9
2017-10-16,UNDEF,UNDEF,3
2017-10-17,,,
2017-10-18,UP,OPPOSED,11
2017-10-19,,,
2017-10-20,,,
2017-10-23,UNDEF,UNDEF,3
2017-10-24,DOWN,ALIGNED,10
2017-10-25,MIXED,MIXED,5
2017-10-26,,,
2017-10-27,MIXED,MIXED,19
2017-10-30,UNDEF,UNDEF,3
2017-10-31,MIXED,MIXED,14
2017-11-01,,,
2017-11-02,MIXED,MIXED,5
2017-11-03,,,
2017-11-06,,,
2017-11-07,,,
2017-11-08,MIXED,MIXED,14
2017-11-09,UP,ALIGNED,5
2017-11-10,,,
2017-11-13,,,
2017-11-14,DOWN,ALIGNED,10
2017-11-15,MIXED,MIXED,14
2017-11-16,,,
2017-11-17,UP,ALIGNED,5
2017-11-20,,,
2017-11-21,MIXED,MIXED,7
2017-11-22,,,
2017-11-23,DOWN,OPPOSED,11
2017-11-24,,,
2017-11-27,UNDEF,UNDEF,1
2017-11-28,,,
2017-11-29,MIXED,MIXED,13
2017-11-30,DOWN,ALIGNED,30
2017-12-01,DOWN,ALIGNED,24
2017-12-04,UNDEF,UNDEF,2
2017-12-05,UP,OPPOSED,16
2017-12-06,MIXED,MIXED,9
2017-12-07,DOWN,ALIGNED,7
2017-12-08,UP,OPPOSED,19
2017-12-11,MIXED,MIXED,7
2017-12-12,DOWN,ALIGNED,4
2017-12-13,MIXED,MIXED,15
2017-12-14,,,
2017-12-15,DOWN,OPPOSED,15
2017-12-18,UNDEF,UNDEF,1
2017-12-19,UP,ALIGNED,5
2017-12-20,UP,ALIGNED,11
2017-12-21,,,
2017-12-22,MIXED,MIXED,12
2017-12-26,UNDEF,UNDEF,1
2017-12-27,DOWN,OPPOSED,18
2017-12-28,UNDEF,UNDEF,2
2017-12-29,UP,ALIGNED,12
2018-01-02,UNDEF,UNDEF,3
2018-01-03,,,
2018-01-04,DOWN,OPPOSED,5
2018-01-05,,,
2018-01-08,,,
2018-01-09,,,
2018-01-10,,,
2018-01-11,MIXED,MIXED,12
2018-01-12,UNDEF,UNDEF,1
2018-01-15,,,
2018-01-16,,,
2018-01-17,,,
2018-01-18,,,
2018-01-19,,,
2018-01-22,,,
2018-01-23,MIXED,MIXED,8
2018-01-24,MIXED,MIXED,17
2018-01-25,UNDEF,UNDEF,3
2018-01-26,MIXED,MIXED,8
2018-01-29,DOWN,ALIGNED,4
2018-01-30,,,
2018-01-31,,,
2018-02-01,,,
2018-02-02,,,
2018-02-05,,,
2018-02-06,,,
2018-02-07,DOWN,ALIGNED,5
2018-02-08,DOWN,ALIGNED,5
2018-02-09,MIXED,MIXED,9
2018-02-12,,,
2018-02-13,UP,ALIGNED,4
2018-02-14,UNDEF,UNDEF,3
2018-02-15,UP,ALIGNED,12
2018-02-16,DOWN,OPPOSED,6
2018-02-19,UNDEF,UNDEF,3
2018-02-20,UNDEF,UNDEF,1
2018-02-21,,,
2018-02-22,MIXED,MIXED,17
2018-02-23,UP,OPPOSED,4
2018-02-26,UNDEF,UNDEF,1
2018-02-27,,,
2018-02-28,,,
2018-03-01,MIXED,MIXED,6
2018-03-02,MIXED,MIXED,19
2018-03-05,UNDEF,UNDEF,1
2018-03-06,DOWN,OPPOSED,5
2018-03-07,,,
2018-03-08,MIXED,MIXED,11
2018-03-09,DOWN,ALIGNED,7
2018-03-12,MIXED,MIXED,5
2018-03-13,UNDEF,UNDEF,3
2018-03-14,,,
2018-03-15,,,
2018-03-16,MIXED,MIXED,7
2018-03-19,UNDEF,UNDEF,1
2018-03-20,,,
2018-03-21,,,
2018-03-22,,,
2018-03-23,DOWN,OPPOSED,5
2018-03-26,DOWN,OPPOSED,5
2018-03-27,MIXED,MIXED,7
2018-03-28,,,
2018-03-29,MIXED,MIXED,15
2018-04-02,,,
2018-04-03,,,
2018-04-04,,,
2018-04-05,UP,OPPOSED,4
2018-04-06,UP,OPPOSED,6
2018-04-09,MIXED,MIXED,5
2018-04-10,MIXED,MIXED,5
2018-04-11,UP,ALIGNED,17
2018-04-12,,,
2018-04-13,,,
2018-04-16,UP,ALIGNED,4
2018-04-17,,,
2018-04-18,,,
2018-04-19,MIXED,MIXED,11
2018-04-20,UP,OPPOSED,10
2018-04-23,MIXED,MIXED,5
2018-04-24,,,
2018-04-25,UP,OPPOSED,7
2018-04-26,MIXED,MIXED,13
2018-04-27,,,
2018-04-30,,,
2018-05-01,UP,OPPOSED,5
2018-05-02,,,
2018-05-03,,,
2018-05-04,DOWN,OPPOSED,13
2018-05-07,,,
2018-05-08,DOWN,ALIGNED,5
2018-05-09,MIXED,MIXED,7
2018-05-10,DOWN,OPPOSED,9
2018-05-11,MIXED,MIXED,17
2018-05-14,,,
2018-05-15,DOWN,ALIGNED,8
2018-05-16,UP,OPPOSED,7
2018-05-17,UP,OPPOSED,8
2018-05-18,UP,OPPOSED,15
2018-05-21,UNDEF,UNDEF,1
2018-05-22,UP,OPPOSED,5
2018-05-23,MIXED,MIXED,6
2018-05-24,UP,ALIGNED,14
2018-05-25,DOWN,OPPOSED,5
2018-05-28,,,
2018-05-29,UP,OPPOSED,6
2018-05-30,,,
2018-05-31,MIXED,MIXED,10
2018-06-01,MIXED,MIXED,13
2018-06-04,UNDEF,UNDEF,3
2018-06-05,MIXED,MIXED,22
2018-06-06,MIXED,MIXED,15
2018-06-07,MIXED,MIXED,13
2018-06-08,,,
2018-06-11,,,
2018-06-12,,,
2018-06-13,DOWN,ALIGNED,38
2018-06-14,,,
2018-06-15,,,
2018-06-18,,,
2018-06-19,MIXED,MIXED,5
2018-06-20,MIXED,MIXED,15
2018-06-21,UNDEF,UNDEF,3
2018-06-22,,,
2018-06-25,,,
2018-06-26,DOWN,ALIGNED,9
2018-06-27,UP,OPPOSED,5
2018-06-28,MIXED,MIXED,24
2018-06-29,,,
2018-07-02,UNDEF,UNDEF,2
2018-07-03,,,
2018-07-04,UNDEF,UNDEF,3
2018-07-05,MIXED,MIXED,9
2018-07-06,,,
2018-07-09,UNDEF,UNDEF,1
2018-07-10,,,
2018-07-11,MIXED,MIXED,4
2018-07-12,,,
2018-07-13,UP,OPPOSED,11
2018-07-16,MIXED,MIXED,6
2018-07-17,MIXED,MIXED,5
2018-07-18,UP,OPPOSED,12
2018-07-19,UP,OPPOSED,5
2018-07-20,,,
2018-07-23,,,
2018-07-24,,,
2018-07-25,,,
2018-07-26,,,
2018-07-27,MIXED,MIXED,22
2018-07-30,UNDEF,UNDEF,1
2018-07-31,DOWN,ALIGNED,8
2018-08-01,,,
2018-08-02,DOWN,ALIGNED,5
2018-08-03,DOWN,ALIGNED,5
2018-08-06,UNDEF,UNDEF,2
2018-08-07,,,
2018-08-08,UP,ALIGNED,9
2018-08-09,UP,ALIGNED,11
2018-08-10,MIXED,MIXED,27
2018-08-13,UNDEF,UNDEF,1
2018-08-14,,,
2018-08-15,UNDEF,UNDEF,2
2018-08-16,,,
2018-08-17,,,
2018-08-20,UNDEF,UNDEF,3
2018-08-21,UP,ALIGNED,5
2018-08-22,UP,ALIGNED,8
2018-08-23,MIXED,MIXED,5
2018-08-24,,,
2018-08-27,MIXED,MIXED,4
2018-08-28,MIXED,MIXED,7
2018-08-29,MIXED,MIXED,11
2018-08-30,,,
2018-08-31,,,
2018-09-03,,,
2018-09-04,DOWN,ALIGNED,11
2018-09-05,,,
2018-09-06,MIXED,MIXED,13
2018-09-07,,,
2018-09-10,UNDEF,UNDEF,3
2018-09-11,UP,OPPOSED,9
2018-09-12,,,
2018-09-13,UP,ALIGNED,17
2018-09-14,DOWN,OPPOSED,7
2018-09-17,,,
2018-09-18,UP,ALIGNED,7
2018-09-19,MIXED,MIXED,5
2018-09-20,MIXED,MIXED,13
2018-09-21,UP,ALIGNED,12
2018-09-24,UNDEF,UNDEF,3
2018-09-25,,,
2018-09-26,,,
2018-09-27,MIXED,MIXED,12
2018-09-28,MIXED,MIXED,10
2018-10-01,UNDEF,UNDEF,1
2018-10-02,MIXED,MIXED,7
2018-10-03,,,
2018-10-04,MIXED,MIXED,20
2018-10-05,UP,ALIGNED,22
2018-10-08,,,
2018-10-09,UP,OPPOSED,7
2018-10-10,MIXED,MIXED,16
2018-10-11,,,
2018-10-12,,,
2018-10-15,UNDEF,UNDEF,1
2018-10-16,MIXED,MIXED,24
2018-10-17,DOWN,OPPOSED,8
2018-10-18,UP,OPPOSED,19
2018-10-19,MIXED,MIXED,14
2018-10-22,,,
2018-10-23,,,
2018-10-24,,,
2018-10-25,MIXED,MIXED,5
2018-10-26,,,
2018-10-29,,,
2018-10-30,DOWN,ALIGNED,9
2018-10-31,UNDEF,UNDEF,3
2018-11-01,,,
2018-11-02,MIXED,MIXED,17
2018-11-05,,,
2018-11-06,MIXED,MIXED,10
2018-11-07,,,
2018-11-08,DOWN,ALIGNED,6
2018-11-09,DOWN,ALIGNED,7
2018-11-12,MIXED,MIXED,4
2018-11-13,UNDEF,UNDEF,3
2018-11-14,UP,OPPOSED,19
2018-11-15,DOWN,OPPOSED,8
2018-11-16,UP,ALIGNED,17
2018-11-19,MIXED,MIXED,4
2018-11-20,MIXED,MIXED,11
2018-11-21,MIXED,MIXED,17
2018-11-22,DOWN,OPPOSED,13
2018-11-23,,,
2018-11-26,MIXED,MIXED,5
2018-11-27,DOWN,ALIGNED,20
2018-11-28,MIXED,MIXED,16
2018-11-29,MIXED,MIXED,9
2018-11-30,,,
2018-12-03,,,
2018-12-04,UP,ALIGNED,5
2018-12-05,,,
2018-12-06,UP,ALIGNED,10
2018-12-07,UP,ALIGNED,19
2018-12-10,,,
2018-12-11,MIXED,MIXED,6
2018-12-12,,,
2018-12-13,,,
2018-12-14,MIXED,MIXED,18
2018-12-17,,,
2018-12-18,UP,ALIGNED,5
2018-12-19,MIXED,MIXED,11
2018-12-20,,,
2018-12-21,DOWN,OPPOSED,17
2018-12-24,UNDEF,UNDEF,1
2018-12-26,UNDEF,UNDEF,2
2018-12-27,UP,ALIGNED,12
2018-12-28,UP,ALIGNED,8
2018-12-31,UNDEF,UNDEF,2
2019-01-02,UNDEF,UNDEF,1
2019-01-03,UP,ALIGNED,11
2019-01-04,,,
2019-01-07,,,
2019-01-08,UNDEF,UNDEF,1
2019-01-09,MIXED,MIXED,7
2019-01-10,,,
2019-01-11,UNDEF,UNDEF,2
2019-01-14,,,
2019-01-15,,,
2019-01-16,,,
2019-01-17,,,
2019-01-18,,,
2019-01-21,UNDEF,UNDEF,3
2019-01-22,,,
2019-01-23,UP,ALIGNED,13
2019-01-24,DOWN,ALIGNED,6
2019-01-25,,,
2019-01-28,,,
2019-01-29,UP,ALIGNED,28
2019-01-30,UP,ALIGNED,5
2019-01-31,UP,ALIGNED,15
2019-02-01,DOWN,OPPOSED,7
2019-02-04,DOWN,ALIGNED,4
2019-02-05,UP,OPPOSED,7
2019-02-06,,,
2019-02-07,,,
2019-02-08,DOWN,ALIGNED,15
2019-02-11,,,
2019-02-12,,,
2019-02-13,MIXED,MIXED,7
2019-02-14,DOWN,ALIGNED,7
2019-02-15,,,
2019-02-18,UNDEF,UNDEF,3
2019-02-19,UNDEF,UNDEF,3
2019-02-20,,,
2019-02-21,,,
2019-02-22,MIXED,MIXED,21
2019-02-25,,,
2019-02-26,DOWN,ALIGNED,7
2019-02-27,MIXED,MIXED,12
2019-02-28,MIXED,MIXED,7
2019-03-01,DOWN,ALIGNED,8
2019-03-04,UNDEF,UNDEF,3
2019-03-05,MIXED,MIXED,13
2019-03-06,MIXED,MIXED,12
2019-03-07,MIXED,MIXED,12
2019-03-08,,,
2019-03-11,MIXED,MIXED,4
2019-03-12,UP,ALIGNED,6
2019-03-13,UNDEF,UNDEF,3
2019-03-14,,,
2019-03-15,,,
2019-03-18,UNDEF,UNDEF,2
2019-03-19,UP,ALIGNED,4
2019-03-20,DOWN,OPPOSED,11
2019-03-21,DOWN,OPPOSED,8
2019-03-22,UP,ALIGNED,13
2019-03-25,UNDEF,UNDEF,1
2019-03-26,,,
2019-03-27,DOWN,ALIGNED,13
2019-03-28,MIXED,MIXED,14
2019-03-29,DOWN,ALIGNED,11
2019-04-01,UP,OPPOSED,5
2019-04-02,,,
2019-04-03,,,
2019-04-04,,,
2019-04-05,UNDEF,UNDEF,3
2019-04-08,UNDEF,UNDEF,1
2019-04-09,DOWN,OPPOSED,9
2019-04-10,DOWN,OPPOSED,8
2019-04-11,,,
2019-04-12,MIXED,MIXED,17
2019-04-15,UNDEF,UNDEF,1
2019-04-16,MIXED,MIXED,5
2019-04-17,UP,OPPOSED,14
2019-04-18,UNDEF,UNDEF,3
2019-04-22,,,
2019-04-23,MIXED,MIXED,7
2019-04-24,,,
2019-04-25,MIXED,MIXED,11
2019-04-26,UP,ALIGNED,7
2019-04-29,,,
2019-04-30,,,
2019-05-02,UP,OPPOSED,9
2019-05-03,UP,OPPOSED,20
2019-05-06,,,
2019-05-07,UP,ALIGNED,16
2019-05-08,UP,ALIGNED,12
2019-05-09,,,
2019-05-10,MIXED,MIXED,13
2019-05-13,UNDEF,UNDEF,2
2019-05-14,,,
2019-05-15,DOWN,OPPOSED,8
2019-05-16,MIXED,MIXED,27
2019-05-17,DOWN,ALIGNED,23
2019-05-20,DOWN,ALIGNED,5
2019-05-21,DOWN,ALIGNED,15
2019-05-22,MIXED,MIXED,15
2019-05-23,,,
2019-05-24,UP,ALIGNED,37
2019-05-27,,,
2019-05-28,,,
2019-05-29,,,
2019-05-30,MIXED,MIXED,12
2019-05-31,UP,ALIGNED,4
2019-06-03,UNDEF,UNDEF,1
2019-06-04,DOWN,OPPOSED,7
2019-06-05,DOWN,OPPOSED,23
2019-06-06,MIXED,MIXED,9
2019-06-07,MIXED,MIXED,14
2019-06-10,UNDEF,UNDEF,1
2019-06-11,DOWN,ALIGNED,21
2019-06-12,UNDEF,UNDEF,2
2019-06-13,UP,ALIGNED,9
2019-06-14,UP,ALIGNED,6
2019-06-17,,,
2019-06-18,DOWN,OPPOSED,16
2019-06-19,DOWN,OPPOSED,13
2019-06-20,,,
2019-06-21,,,
2019-06-24,DOWN,OPPOSED,5
2019-06-25,,,
2019-06-26,,,
2019-06-27,DOWN,ALIGNED,11
2019-06-28,,,
2019-07-01,UNDEF,UNDEF,2
2019-07-02,,,
2019-07-03,,,
2019-07-04,,,
2019-07-05,,,
2019-07-08,,,
2019-07-09,MIXED,MIXED,11
2019-07-10,UP,OPPOSED,5
2019-07-11,,,
2019-07-12,UP,ALIGNED,13
2019-07-15,,,
2019-07-16,,,
2019-07-17,MIXED,MIXED,18
2019-07-18,,,
2019-07-19,,,
2019-07-22,UNDEF,UNDEF,2
2019-07-23,UNDEF,UNDEF,1
2019-07-24,,,
2019-07-25,UP,ALIGNED,9
2019-07-26,,,
2019-07-29,,,
2019-07-30,MIXED,MIXED,9
2019-07-31,UP,ALIGNED,9
2019-08-01,DOWN,ALIGNED,5
2019-08-02,,,
2019-08-05,UNDEF,UNDEF,1
2019-08-06,,,
2019-08-07,UNDEF,UNDEF,1
2019-08-08,,,
2019-08-09,,,
2019-08-12,UNDEF,UNDEF,3
2019-08-13,UP,ALIGNED,6
2019-08-14,,,
2019-08-15,,,
2019-08-16,,,
2019-08-19,DOWN,ALIGNED,5
2019-08-20,,,
2019-08-21,,,
2019-08-22,MIXED,MIXED,16
2019-08-23,MIXED,MIXED,7
2019-08-26,,,
2019-08-27,MIXED,MIXED,29
2019-08-28,MIXED,MIXED,5
2019-08-29,UP,ALIGNED,13
2019-08-30,,,
2019-09-02,UNDEF,UNDEF,1
2019-09-03,,,
2019-09-04,,,
2019-09-05,,,
2019-09-06,DOWN,ALIGNED,11
2019-09-09,UP,OPPOSED,4
2019-09-10,,,
2019-09-11,,,
2019-09-12,,,
2019-09-13,UP,ALIGNED,17
2019-09-16,,,
2019-09-17,,,
2019-09-18,DOWN,OPPOSED,22
2019-09-19,,,
2019-09-20,MIXED,MIXED,7
2019-09-23,UNDEF,UNDEF,3
2019-09-24,UP,ALIGNED,24
2019-09-25,,,
2019-09-26,MIXED,MIXED,7
2019-09-27,MIXED,MIXED,27
2019-09-30,UNDEF,UNDEF,2
2019-10-01,UNDEF,UNDEF,3
2019-10-02,UP,OPPOSED,12
2019-10-03,DOWN,OPPOSED,19
2019-10-04,UP,ALIGNED,17
2019-10-07,,,
2019-10-08,,,
2019-10-09,UP,ALIGNED,13
2019-10-10,,,
2019-10-11,UP,OPPOSED,11
2019-10-14,,,
2019-10-15,,,
2019-10-16,MIXED,MIXED,15
2019-10-17,MIXED,MIXED,11
2019-10-18,,,
2019-10-21,,,
2019-10-22,,,
2019-10-23,UP,ALIGNED,19
2019-10-24,MIXED,MIXED,23
2019-10-25,DOWN,OPPOSED,22
2019-10-28,UNDEF,UNDEF,3
2019-10-29,UP,OPPOSED,28
2019-10-30,,,
2019-10-31,UP,ALIGNED,11
2019-11-01,MIXED,MIXED,13
2019-11-04,MIXED,MIXED,8
2019-11-05,DOWN,ALIGNED,10
2019-11-06,,,
2019-11-07,MIXED,MIXED,34
2019-11-08,DOWN,ALIGNED,23
2019-11-11,DOWN,ALIGNED,6
2019-11-12,DOWN,ALIGNED,8
2019-11-13,MIXED,MIXED,8
2019-11-14,DOWN,OPPOSED,12
2019-11-15,,,
2019-11-18,UNDEF,UNDEF,2
2019-11-19,,,
2019-11-20,UP,ALIGNED,16
2019-11-21,,,
2019-11-22,DOWN,ALIGNED,23
2019-11-25,UNDEF,UNDEF,2
2019-11-26,MIXED,MIXED,8
2019-11-27,,,
2019-11-28,,,
2019-11-29,,,
2019-12-02,UP,ALIGNED,6
2019-12-03,MIXED,MIXED,23
2019-12-04,MIXED,MIXED,7
2019-12-05,DOWN,OPPOSED,9
2019-12-06,UP,ALIGNED,50
2019-12-09,,,
2019-12-10,,,
2019-12-11,,,
2019-12-12,UP,ALIGNED,51
2019-12-13,,,
2019-12-16,UNDEF,UNDEF,2
2019-12-17,MIXED,MIXED,13
2019-12-18,DOWN,OPPOSED,14
2019-12-19,,,
2019-12-20,DOWN,OPPOSED,30
2019-12-23,UNDEF,UNDEF,1
2019-12-24,UNDEF,UNDEF,3
2019-12-26,UNDEF,UNDEF,1
2019-12-27,MIXED,MIXED,7
2019-12-30,UNDEF,UNDEF,3
2019-12-31,UNDEF,UNDEF,1
2020-01-02,UP,ALIGNED,6
2020-01-03,UNDEF,UNDEF,3
2020-01-06,,,
2020-01-07,DOWN,OPPOSED,6
2020-01-08,,,
2020-01-09,MIXED,MIXED,19
2020-01-10,,,
2020-01-13,,,
2020-01-14,,,
2020-01-15,UP,ALIGNED,5
2020-01-16,,,
2020-01-17,MIXED,MIXED,7
2020-01-20,UNDEF,UNDEF,1
2020-01-21,,,
2020-01-22,,,
2020-01-23,,,
2020-01-24,MIXED,MIXED,18
2020-01-27,,,
2020-01-28,,,
2020-01-29,,,
2020-01-30,UP,ALIGNED,7
2020-01-31,MIXED,MIXED,16
2020-02-03,,,
2020-02-04,MIXED,MIXED,9
2020-02-05,DOWN,ALIGNED,4
2020-02-06,,,
2020-02-07,MIXED,MIXED,19
2020-02-10,UNDEF,UNDEF,3
2020-02-11,DOWN,OPPOSED,7
2020-02-12,DOWN,ALIGNED,17
2020-02-13,UNDEF,UNDEF,3
2020-02-14,MIXED,MIXED,8
2020-02-17,,,
2020-02-18,UNDEF,UNDEF,2
2020-02-19,UP,ALIGNED,11
2020-02-20,DOWN,OPPOSED,10
2020-02-21,MIXED,MIXED,6
2020-02-24,UNDEF,UNDEF,3
2020-02-25,,,
2020-02-26,UP,OPPOSED,10
2020-02-27,,,
2020-02-28,DOWN,ALIGNED,5
2020-03-02,,,
2020-03-03,,,
2020-03-04,,,
2020-03-05,MIXED,MIXED,24
2020-03-06,UP,ALIGNED,5
2020-03-09,,,
2020-03-10,UP,OPPOSED,8
2020-03-11,UP,OPPOSED,7
2020-03-12,MIXED,MIXED,8
2020-03-13,DOWN,ALIGNED,4
2020-03-16,DOWN,ALIGNED,6
2020-03-17,DOWN,ALIGNED,13
2020-03-18,MIXED,MIXED,5
2020-03-19,,,
2020-03-20,,,
2020-03-23,DOWN,OPPOSED,8
2020-03-24,,,
2020-03-25,,,
2020-03-26,MIXED,MIXED,14
2020-03-27,,,
2020-03-30,,,
2020-03-31,DOWN,ALIGNED,8
2020-04-01,,,
2020-04-02,,,
2020-04-03,UP,ALIGNED,23
2020-04-06,UNDEF,UNDEF,2
2020-04-07,,,
2020-04-08,MIXED,MIXED,27
2020-04-09,MIXED,MIXED,33
2020-04-13,DOWN,OPPOSED,5
2020-04-14,MIXED,MIXED,5
2020-04-15,,,
2020-04-16,DOWN,OPPOSED,28
2020-04-17,,,
2020-04-20,,,
2020-04-21,UP,OPPOSED,25
2020-04-22,,,
2020-04-23,UP,ALIGNED,11
2020-04-24,UP,ALIGNED,14
2020-04-27,,,
2020-04-28,UNDEF,UNDEF,3
2020-04-29,UP,OPPOSED,16
2020-04-30,DOWN,OPPOSED,29
2020-05-01,MIXED,MIXED,20
2020-05-04,MIXED,MIXED,5
2020-05-05,DOWN,OPPOSED,21
2020-05-06,MIXED,MIXED,22
2020-05-07,,,
2020-05-08,UP,ALIGNED,9
2020-05-11,DOWN,ALIGNED,4
2020-05-12,,,
2020-05-13,MIXED,MIXED,17
2020-05-14,UP,ALIGNED,11
2020-05-15,UP,ALIGNED,25
2020-05-18,UNDEF,UNDEF,1
2020-05-19,,,
2020-05-20,UP,ALIGNED,11
2020-05-21,MIXED,MIXED,5
2020-05-22,,,
2020-05-25,UNDEF,UNDEF,1
2020-05-26,UP,OPPOSED,5
2020-05-27,MIXED,MIXED,6
2020-05-28,,,
2020-05-29,MIXED,MIXED,7
2020-06-01,UNDEF,UNDEF,2
2020-06-02,UP,ALIGNED,10
2020-06-03,DOWN,ALIGNED,6
2020-06-04,,,
2020-06-05,MIXED,MIXED,8
2020-06-08,,,
2020-06-09,UP,OPPOSED,5
2020-06-10,UP,ALIGNED,18
2020-06-11,DOWN,OPPOSED,10
2020-06-12,MIXED,MIXED,15
2020-06-15,,,
2020-06-16,MIXED,MIXED,9
2020-06-17,DOWN,ALIGNED,22
2020-06-18,,,
2020-06-19,,,
2020-06-22,UNDEF,UNDEF,3
2020-06-23,DOWN,OPPOSED,7
2020-06-24,DOWN,OPPOSED,15
2020-06-25,MIXED,MIXED,9
2020-06-26,,,
2020-06-29,,,
2020-06-30,MIXED,MIXED,18
2020-07-01,UP,ALIGNED,28
2020-07-02,DOWN,ALIGNED,20
2020-07-03,,,
2020-07-06,,,
2020-07-07,UP,ALIGNED,16
2020-07-08,MIXED,MIXED,18
2020-07-09,DOWN,OPPOSED,13
2020-07-10,MIXED,MIXED,26
2020-07-13,UP,ALIGNED,6
2020-07-14,DOWN,ALIGNED,12
2020-07-15,MIXED,MIXED,15
2020-07-16,,,
2020-07-17,,,
2020-07-20,UNDEF,UNDEF,3
2020-07-21,UP,ALIGNED,14
2020-07-22,MIXED,MIXED,5
2020-07-23,MIXED,MIXED,10
2020-07-24,MIXED,MIXED,17
2020-07-27,UNDEF,UNDEF,1
2020-07-28,,,
2020-07-29,,,
2020-07-30,,,
2020-07-31,MIXED,MIXED,8
2020-08-03,,,
2020-08-04,DOWN,OPPOSED,15
2020-08-05,UNDEF,UNDEF,3
2020-08-06,UP,ALIGNED,15
2020-08-07,,,
2020-08-10,,,
2020-08-11,DOWN,ALIGNED,4
2020-08-12,,,
2020-08-13,,,
2020-08-14,,,
2020-08-17,,,
2020-08-18,UP,ALIGNED,7
2020-08-19,,,
2020-08-20,,,
2020-08-21,DOWN,ALIGNED,15
2020-08-24,MIXED,MIXED,7
2020-08-25,MIXED,MIXED,12
2020-08-26,UP,OPPOSED,16
2020-08-27,DOWN,OPPOSED,7
2020-08-28,,,
2020-08-31,,,
2020-09-01,UNDEF,UNDEF,2
2020-09-02,DOWN,ALIGNED,11
2020-09-03,DOWN,ALIGNED,7
2020-09-04,MIXED,MIXED,8
2020-09-07,UNDEF,UNDEF,2
2020-09-08,MIXED,MIXED,6
2020-09-09,MIXED,MIXED,19
2020-09-10,MIXED,MIXED,19
2020-09-11,DOWN,OPPOSED,7
2020-09-14,,,
2020-09-15,UP,ALIGNED,4
2020-09-16,MIXED,MIXED,6
2020-09-17,DOWN,ALIGNED,5
2020-09-18,,,
2020-09-21,,,
2020-09-22,MIXED,MIXED,9
2020-09-23,UNDEF,UNDEF,3
2020-09-24,DOWN,ALIGNED,7
2020-09-25,UP,OPPOSED,14
2020-09-28,DOWN,ALIGNED,4
2020-09-29,UP,ALIGNED,17
2020-09-30,MIXED,MIXED,5
2020-10-01,DOWN,OPPOSED,8
2020-10-02,MIXED,MIXED,5
2020-10-05,,,
2020-10-06,DOWN,OPPOSED,15
2020-10-07,,,
2020-10-08,,,
2020-10-09,UNDEF,UNDEF,3
2020-10-12,,,
2020-10-13,,,
2020-10-14,,,
2020-10-15,UP,OPPOSED,8
2020-10-16,DOWN,OPPOSED,20
2020-10-19,,,
2020-10-20,,,
2020-10-21,UP,ALIGNED,5
2020-10-22,,,
2020-10-23,DOWN,ALIGNED,10
2020-10-26,,,
2020-10-27,,,
2020-10-28,MIXED,MIXED,8
2020-10-29,MIXED,MIXED,13
2020-10-30,,,
2020-11-02,,,
2020-11-03,MIXED,MIXED,11
2020-11-04,,,
2020-11-05,UP,ALIGNED,14
2020-11-06,DOWN,OPPOSED,5
2020-11-09,,,
2020-11-10,,,
2020-11-11,DOWN,ALIGNED,14
2020-11-12,,,
2020-11-13,DOWN,OPPOSED,10
2020-11-16,,,
2020-11-17,MIXED,MIXED,18
2020-11-18,UP,OPPOSED,10
2020-11-19,UNDEF,UNDEF,3
2020-11-20,,,
2020-11-23,,,
2020-11-24,DOWN,ALIGNED,5
2020-11-25,,,
2020-11-26,,,
2020-11-27,UNDEF,UNDEF,3
2020-11-30,,,
2020-12-01,,,
2020-12-02,DOWN,OPPOSED,13
2020-12-03,UP,ALIGNED,8
2020-12-04,MIXED,MIXED,20
2020-12-07,MIXED,MIXED,6
2020-12-08,DOWN,OPPOSED,7
2020-12-09,,,
2020-12-10,MIXED,MIXED,13
2020-12-11,MIXED,MIXED,17
2020-12-14,UNDEF,UNDEF,1
2020-12-15,,,
2020-12-16,DOWN,OPPOSED,12
2020-12-17,DOWN,OPPOSED,10
2020-12-18,MIXED,MIXED,15
2020-12-21,UNDEF,UNDEF,1
2020-12-22,DOWN,ALIGNED,22
2020-12-23,UP,OPPOSED,10
2020-12-24,UP,ALIGNED,10
2020-12-28,,,
2020-12-29,,,
2020-12-30,MIXED,MIXED,6
2020-12-31,UNDEF,UNDEF,3
